final_rank,entity_id,h3_sequence,pre_af2_rank,fixed_rank_score,median_iptm,worst_iptm,iptm_seed_range,median_interface_pae,median_prodigy_delta_g_kcal_mol,status
1,3D6-H3-PV1-19,VRWDHYQGGSDY,19,0.48279030186653143,0.4958585500717163,0.4950501620769501,0.003434807062149048,26.061304092407227,-11.124,computationally_prioritized_manual_construct_review_required
2,3D6-H3-PV1-20,VRWDHFSSSSEY,20,0.4733164984703064,0.49038857221603394,0.48293447494506836,0.008735090494155884,26.020132064819336,-10.74,computationally_prioritized_manual_construct_review_required
3,3D6-H3-PV1-11,MRYDRYSGSSDW,11,0.46647894722620653,0.4901837408542633,0.4849125146865845,0.007205605506896973,26.022994995117188,-10.205,computationally_prioritized_manual_construct_review_required
4,3D6-H3-PV1-18,VRWDHYSGSSEW,18,0.46148388827006026,0.5033921003341675,0.49839335680007935,0.00654226541519165,25.94852638244629,-9.197,computationally_prioritized_manual_construct_review_required
5,3D6-H3-PV1-12,VRYDHYSASGDW,12,0.46086734498341886,0.49504345655441284,0.492827832698822,0.0030354857444763184,26.055830001831055,-9.535,computationally_prioritized_manual_construct_review_required
6,3D6-H3-PV1-22,IRYDHYNGGSDY,22,0.4585380212338766,0.4820443391799927,0.4812246561050415,0.0032771527767181396,26.108476638793945,-9.949,computationally_prioritized_manual_construct_review_required
7,3D6-H3-PV1-23,VHYDHYSSGSEY,23,0.4548006589539846,0.47986963391304016,0.4746253788471222,0.006040394306182861,26.09369659423828,-9.826,computationally_prioritized_manual_construct_review_required
8,3D6-H3-PV1-14,LRYDHWSASSDY,14,0.4533158229891459,0.4915087819099426,0.48738640546798706,0.005448758602142334,26.027462005615234,-9.143,computationally_prioritized_manual_construct_review_required
9,3D6-H3-PV1-08,VHYDHYSASTDY,8,0.45312787401835125,0.47634971141815186,0.47197389602661133,0.006988316774368286,26.14935302734375,-9.872,computationally_prioritized_manual_construct_review_required
10,3D6-H3-PV1-02,LRYDHYSGGSDY,2,0.45277057476679483,0.4806935489177704,0.4800029397010803,0.00301969051361084,26.114255905151367,-9.578,computationally_prioritized_manual_construct_review_required
11,3D6-H3-PV1-17,LRYDHFSASNDY,17,0.4501762675031027,0.4829031825065613,0.4786355495452881,0.004456967115402222,26.093671798706055,-9.328,computationally_prioritized_manual_construct_review_required
12,3D6-H3-PV1-10,VKYDHYSSSGDY,10,0.4477875710773468,0.4826160967350006,0.4752059876918793,0.008596360683441162,26.108810424804688,-9.216,computationally_prioritized_manual_construct_review_required
