sequence,sources,mutation_count,bfn_mean_cms,bfn_worst_cms,bfn_std_cms,contact_mean,contact_min,contact_std,contact_mean_delta_native,contact_min_delta_native,contact_p25_delta_native,full_heavy_developability_risk,risk_increase_over_native,new_h3_cysteines,new_h3_n_glycosylation_motifs,all_gates_pass
ARDYYGTSFAMDY,['native'],0,0.06338312774896622,0.042664870619773865,0.01593141400923719,0.17248000000000002,0.1497,0.034467631192177973,0.0,0.0,0.0,0.3945,0.0,0,0,False
ARDWYGTTFIMDY,['conservative_library'],3,0.07211078703403473,0.05740343779325485,0.012668326818697789,0.17248000000000002,0.1497,0.034467631192177973,0.0,0.0,0.0,0.3945,0.0,0,0,True
AREYWGTSFAMDY,['conservative_library'],2,0.06825617849826812,0.050801075994968414,0.014573042636415595,0.16988,0.1475,0.03399655276642031,-0.0026000000000000025,-0.003500000000000003,-0.0030000000000000027,0.3945,0.0,0,0,True
MRDYYANSFAMEY,['conservative_library'],4,0.07203239798545838,0.04901657998561859,0.01806301166069455,0.175,0.1474,0.03457496203902471,0.00252,-0.006200000000000011,-0.004599999999999993,0.4058,0.011299999999999977,0,0,True
ARDYYGTSFAVDY,['conservative_library'],1,0.0623210072517395,0.04246831685304642,0.015245105356120626,0.17248000000000002,0.1497,0.034467631192177973,0.0,0.0,0.0,0.3945,0.0,0,0,True
AHDYFATSFAMDY,['conservative_library'],3,0.07084456682205201,0.04796949774026871,0.017178867951231566,0.17243999999999998,0.1452,0.034056459005598345,-4.000000000000115e-05,-0.008200000000000013,-0.0068000000000000005,0.3958,0.0012999999999999678,0,0,True
SRDYYGTSFAMEY,['conservative_library'],2,0.06693160831928253,0.04504508525133133,0.0165492838459792,0.17248000000000002,0.1497,0.034467631192177973,0.0,0.0,0.0,0.3933,-0.0012000000000000344,0,0,True
MRDFYGTSWAMEY,['conservative_library'],4,0.07606929242610931,0.05619485676288605,0.01569089825662057,0.17036,0.1476,0.034532859713611905,-0.0021199999999999995,-0.0022999999999999965,-0.0022000000000000075,0.3945,0.0,0,0,True
ARDYYGQSFAMDY,['conservative_library'],1,0.06378551870584488,0.043756790459156036,0.01624929986121339,0.17248000000000002,0.1497,0.034467631192177973,0.0,0.0,0.0,0.3945,0.0,0,0,True
ARDYYASSFGMDY,['conservative_library'],3,0.06647041440010071,0.043915458023548126,0.016999856604094536,0.175,0.1474,0.03457496203902471,0.00252,-0.006200000000000011,-0.004599999999999993,0.3945,0.0,0,0,True
ARDYYGTSFAMEY,['conservative_library'],1,0.06877374202013016,0.04774712026119232,0.016434862392898528,0.17248000000000002,0.1497,0.034467631192177973,0.0,0.0,0.0,0.3945,0.0,0,0,True
SRDYYGTSFAIDF,['conservative_library'],3,0.06451002657413482,0.047855593264102936,0.014238801440431714,0.17248000000000002,0.1497,0.034467631192177973,0.0,0.0,0.0,0.3933,-0.0012000000000000344,0,0,True
ARDYYGTSFAMEW,['conservative_library'],2,0.07499377578496932,0.05380559712648392,0.016979517793638634,0.17248000000000002,0.1497,0.034467631192177973,0.0,0.0,0.0,0.3945,0.0,0,0,True
ARDFYGTSFAMEY,['conservative_library'],2,0.07404456287622452,0.05402686446905136,0.01601632899209694,0.17248000000000002,0.1497,0.034467631192177973,0.0,0.0,0.0,0.3945,0.0,0,0,True
VRDYYAQSFVMDY,['conservative_library'],4,0.06219024360179901,0.0416230633854866,0.016111349169258594,0.175,0.1474,0.03457496203902471,0.00252,-0.006200000000000011,-0.004599999999999993,0.3958,0.0012999999999999678,0,0,True
SREYYATSFAMDY,['conservative_library'],3,0.07212190628051758,0.049537308514118195,0.017104462958272417,0.175,0.1474,0.03457496203902471,0.00252,-0.006200000000000011,-0.004599999999999993,0.3945,0.0,0,0,True
AHDYYASSYAMDY,['conservative_library'],4,0.07327101826667785,0.05275105684995651,0.01737067830141494,0.17292000000000002,0.1451,0.0346866775578175,0.00044000000000000706,-0.008300000000000002,-0.0068999999999999895,0.3958,0.0012999999999999678,0,0,True
AREWYGTGFAMDY,['conservative_library'],3,0.08153045773506165,0.06270840764045715,0.015619207495023693,0.17248000000000002,0.1497,0.034467631192177973,0.0,0.0,0.0,0.3945,0.0,0,0,True
ARDYYGTSFAAEW,['conservative_library'],3,0.07557603716850281,0.05654159188270569,0.01583144816913705,0.17248000000000002,0.1497,0.034467631192177973,0.0,0.0,0.0,0.3945,0.0,0,0,True
ARDYFGTSFIMDY,['conservative_library'],2,0.060274462401866916,0.04523435980081558,0.012379183302745584,0.16988,0.1475,0.03399655276642031,-0.0026000000000000025,-0.003500000000000003,-0.0030000000000000027,0.3945,0.0,0,0,True
ARDYYATSFIMDY,['conservative_library'],2,0.06410440951585769,0.04573658108711243,0.015111966578298159,0.175,0.1474,0.03457496203902471,0.00252,-0.006200000000000011,-0.004599999999999993,0.3958,0.0012999999999999678,0,0,True
ARDWYGTTFAMEW,['conservative_library'],4,0.07600400000810623,0.05468900501728058,0.01592932589763599,0.17248000000000002,0.1497,0.034467631192177973,0.0,0.0,0.0,0.3945,0.0,0,0,True
ARDYYGTSFAADY,['conservative_library'],1,0.0645917683839798,0.04549364000558853,0.01455233517479994,0.17248000000000002,0.1497,0.034467631192177973,0.0,0.0,0.0,0.3945,0.0,0,0,True
AKDYFGTSWAMEY,['conservative_library'],4,0.0707681879401207,0.052227459847927094,0.015106547942522239,0.1678,0.1454,0.034092931818780266,-0.004680000000000006,-0.005400000000000016,-0.0050000000000000044,0.3945,0.0,0,0,True
ARDYYGTNFMIEY,['conservative_library'],4,0.06483305096626282,0.051550254225730896,0.013676194572720235,0.17248000000000002,0.1497,0.034467631192177973,0.0,0.0,0.0,0.3945,0.0,0,0,True
AREYYGTGFALDY,['conservative_library'],3,0.07763102501630784,0.05963785946369171,0.014460348688696438,0.17248000000000002,0.1497,0.034467631192177973,0.0,0.0,0.0,0.3945,0.0,0,0,True
ARDFYGTSFLVDY,['conservative_library'],3,0.06660846024751663,0.053655825555324554,0.012591679537436439,0.17248000000000002,0.1497,0.034467631192177973,0.0,0.0,0.0,0.3945,0.0,0,0,True
ARDFYSTAFAMDY,['conservative_library'],3,0.08114284425973892,0.06093790382146835,0.01552965457479976,0.16328,0.1407,0.03557506992262981,-0.009200000000000009,-0.011300000000000004,-0.011200000000000015,0.3958,0.0012999999999999678,0,0,False
ARDYYATSFAMDY,['conservative_library'],1,0.06800401061773301,0.045287758111953735,0.017426827571078208,0.175,0.1474,0.03457496203902471,0.00252,-0.006200000000000011,-0.004599999999999993,0.3958,0.0012999999999999678,0,0,True
ARDWYGTSFAMEW,['conservative_library'],3,0.07673764526844025,0.0550583079457283,0.01711479648923946,0.17248000000000002,0.1497,0.034467631192177973,0.0,0.0,0.0,0.3945,0.0,0,0,True
ARDYYGTTFAMDF,['conservative_library'],2,0.07300942242145539,0.0533035472035408,0.01532140462909112,0.17248000000000002,0.1497,0.034467631192177973,0.0,0.0,0.0,0.3945,0.0,0,0,True
ARDYFGTSFAMDY,['conservative_library'],1,0.06523169428110123,0.043085940182209015,0.01607684049204187,0.16988,0.1475,0.03399655276642031,-0.0026000000000000025,-0.003500000000000003,-0.0030000000000000027,0.3945,0.0,0,0,True
ARDYFSTSFAVDY,['conservative_library'],3,0.06810242533683777,0.03972034901380539,0.018731148631610614,0.1607,0.1385,0.03508942860748803,-0.011779999999999995,-0.013499999999999984,-0.01319999999999999,0.3945,0.0,0,0,False
AREFYGTSFAMDY,['conservative_library'],2,0.0763116493821144,0.05702803283929825,0.01598281246978528,0.17248000000000002,0.1497,0.034467631192177973,0.0,0.0,0.0,0.3945,0.0,0,0,True
ARDWYGTSYAMDY,['conservative_library'],2,0.0737680196762085,0.051878057420253754,0.016520434420689775,0.17036,0.1476,0.034532859713611905,-0.0021199999999999995,-0.0022999999999999965,-0.0022000000000000075,0.3945,0.0,0,0,True
AREYYGTSFAMDY,['conservative_library'],1,0.07075518071651458,0.052163027226924896,0.015096487543822252,0.17248000000000002,0.1497,0.034467631192177973,0.0,0.0,0.0,0.3945,0.0,0,0,True
LRDYYGTSFAMEW,['conservative_library'],3,0.07261493653059006,0.05060160905122757,0.01697114511094278,0.17248000000000002,0.1497,0.034467631192177973,0.0,0.0,0.0,0.3945,0.0,0,0,True
ARDYWGQNFAMDY,['conservative_library'],3,0.06994415521621704,0.053902022540569305,0.01578229543477365,0.16988,0.1475,0.03399655276642031,-0.0026000000000000025,-0.003500000000000003,-0.0030000000000000027,0.3945,0.0,0,0,True
ARDYYGTSFMMDY,['conservative_library'],1,0.057785752415657046,0.04266788810491562,0.01310403099613006,0.17248000000000002,0.1497,0.034467631192177973,0.0,0.0,0.0,0.3945,0.0,0,0,False
AREYYGTQFSMDF,['conservative_library'],4,0.07253596037626267,0.058474697172641754,0.013580383658209363,0.17248000000000002,0.1497,0.034467631192177973,0.0,0.0,0.0,0.3933,-0.0012000000000000344,0,0,True
AHDYYGTSFAMDY,['conservative_library'],1,0.06430925279855729,0.044255487620830536,0.016046262904754735,0.17248000000000002,0.1497,0.034467631192177973,0.0,0.0,0.0,0.3945,0.0,0,0,True
AREYFGNSFAMDW,['conservative_library'],4,0.0712740957736969,0.0484391525387764,0.016991292433344764,0.16988,0.1475,0.03399655276642031,-0.0026000000000000025,-0.003500000000000003,-0.0030000000000000027,0.4045,0.010000000000000009,0,0,True
AKEWYGTSFAMDY,['conservative_library'],3,0.074899223446846,0.05769328773021698,0.014772382642301336,0.17248000000000002,0.1497,0.034467631192177973,0.0,0.0,0.0,0.3945,0.0,0,0,True
VREYYGNSFAMEY,['conservative_library'],4,0.0750892624258995,0.05217743664979935,0.01677699210344321,0.17248000000000002,0.1497,0.034467631192177973,0.0,0.0,0.0,0.4045,0.010000000000000009,0,0,True
ARDWYGTSFAMDY,['conservative_library'],1,0.07191021591424943,0.05052666366100311,0.016310874896492432,0.17248000000000002,0.1497,0.034467631192177973,0.0,0.0,0.0,0.3945,0.0,0,0,True
ARDYWGQSFAMDY,['conservative_library'],2,0.06288428604602814,0.04397333413362503,0.01585794402568405,0.16988,0.1475,0.03399655276642031,-0.0026000000000000025,-0.003500000000000003,-0.0030000000000000027,0.3945,0.0,0,0,True
ARDYYGTTFSMEY,['conservative_library'],3,0.06875162422657013,0.054490841925144196,0.012615766229878133,0.17248000000000002,0.1497,0.034467631192177973,0.0,0.0,0.0,0.3933,-0.0012000000000000344,0,0,True
ARDYYGNSWAMDY,['conservative_library'],2,0.06844023615121841,0.047224730253219604,0.016404890616494108,0.17036,0.1476,0.034532859713611905,-0.0021199999999999995,-0.0022999999999999965,-0.0022000000000000075,0.4045,0.010000000000000009,0,0,True
ARDYYGNQFMMEY,['conservative_library'],4,0.07359417527914047,0.05623694509267807,0.015162629604375952,0.17248000000000002,0.1497,0.034467631192177973,0.0,0.0,0.0,0.4045,0.010000000000000009,0,0,True
ARDYWGTGFAMDY,['conservative_library'],2,0.07451451271772384,0.055086761713027954,0.015024060065455138,0.16988,0.1475,0.03399655276642031,-0.0026000000000000025,-0.003500000000000003,-0.0030000000000000027,0.3945,0.0,0,0,True
MRDYYGTSFAMDW,['conservative_library'],2,0.06695513427257538,0.046015702188014984,0.016246997150899396,0.17248000000000002,0.1497,0.034467631192177973,0.0,0.0,0.0,0.3945,0.0,0,0,True
AHDYYSTTFALDY,['conservative_library'],4,0.07245951890945435,0.047088854014873505,0.017520134473306644,0.16328,0.1407,0.03557506992262981,-0.009200000000000009,-0.011300000000000004,-0.011200000000000015,0.3945,0.0,0,0,False
AHDYYANTFAMDY,['conservative_library'],4,0.08083740919828415,0.05973600596189499,0.017040965828298872,0.175,0.1474,0.03457496203902471,0.00252,-0.006200000000000011,-0.004599999999999993,0.4058,0.011299999999999977,0,0,True
ARDYYGSSFAMDY,['conservative_library'],1,0.06522691696882248,0.04434962570667267,0.016148263595398962,0.17248000000000002,0.1497,0.034467631192177973,0.0,0.0,0.0,0.3945,0.0,0,0,True
ARDYYGTSFAIDY,['conservative_library'],1,0.06054944396018982,0.04136895388364792,0.015189865209026317,0.17248000000000002,0.1497,0.034467631192177973,0.0,0.0,0.0,0.3945,0.0,0,0,True
VRDYYSTAFAVDY,['conservative_library'],4,0.0741414412856102,0.05382189899682999,0.014581993649582393,0.16328,0.1407,0.03557506992262981,-0.009200000000000009,-0.011300000000000004,-0.011200000000000015,0.3958,0.0012999999999999678,0,0,False
ARDYYSTSFAIDY,['conservative_library'],2,0.06346472948789597,0.03765454143285751,0.018512004137260084,0.16328,0.1407,0.03557506992262981,-0.009200000000000009,-0.011300000000000004,-0.011200000000000015,0.3945,0.0,0,0,False
ARDYYSTSFAMDY,['conservative_library'],1,0.06479891091585159,0.037013791501522064,0.019532609337629275,0.16328,0.1407,0.03557506992262981,-0.009200000000000009,-0.011300000000000004,-0.011200000000000015,0.3945,0.0,0,0,False
IREYYSNSFAMDY,['conservative_library'],4,0.07029141783714295,0.04204333573579788,0.01956957321242018,0.16328,0.1407,0.03557506992262981,-0.009200000000000009,-0.011300000000000004,-0.011200000000000015,0.4045,0.010000000000000009,0,0,False
ARDWYGSSFAMDY,['conservative_library'],2,0.07448868602514266,0.05367029458284378,0.01653126126071831,0.17248000000000002,0.1497,0.034467631192177973,0.0,0.0,0.0,0.3945,0.0,0,0,True
SRDWYGTSYIMDY,['conservative_library'],4,0.06503655314445496,0.04813690483570099,0.0134289023986837,0.17036,0.1476,0.034532859713611905,-0.0021199999999999995,-0.0022999999999999965,-0.0022000000000000075,0.3933,-0.0012000000000000344,0,0,True
ARDYYSTTFMMEY,['conservative_library'],4,0.074333356320858,0.05513044446706772,0.015729658681686257,0.16328,0.1407,0.03557506992262981,-0.009200000000000009,-0.011300000000000004,-0.011200000000000015,0.3945,0.0,0,0,False
ARDWYGTSFGMEY,['conservative_library'],3,0.0702627256512642,0.052824653685092926,0.014563718710441216,0.17248000000000002,0.1497,0.034467631192177973,0.0,0.0,0.0,0.3933,-0.0012000000000000344,0,0,True
ARDYYGTAFVLDF,['conservative_library'],4,0.06978605687618256,0.057441920042037964,0.01157248758379311,0.17248000000000002,0.1497,0.034467631192177973,0.0,0.0,0.0,0.3958,0.0012999999999999678,0,0,True
AREYYGTAFAMDY,['conservative_library'],2,0.07903888821601868,0.06394360214471817,0.012850307715112152,0.17248000000000002,0.1497,0.034467631192177973,0.0,0.0,0.0,0.3958,0.0012999999999999678,0,0,True
LRDYFGQSWAMDY,['conservative_library'],4,0.06506867706775665,0.04214774817228317,0.016252106549524394,0.1678,0.1454,0.034092931818780266,-0.004680000000000006,-0.005400000000000016,-0.0050000000000000044,0.3945,0.0,0,0,True
ARDYYGSSYSMDF,['conservative_library'],4,0.062319353222846985,0.048433005809783936,0.013910266864710238,0.17036,0.1476,0.034532859713611905,-0.0021199999999999995,-0.0022999999999999965,-0.0022000000000000075,0.3933,-0.0012000000000000344,0,0,True
VRDYYSQQFAMDY,['conservative_library'],4,0.07065672576427459,0.046154581010341644,0.019064657043682758,0.16328,0.1407,0.03557506992262981,-0.009200000000000009,-0.011300000000000004,-0.011200000000000015,0.3945,0.0,0,0,False
GRDFYSTSFAMDF,['conservative_library'],4,0.07825595438480377,0.055722348392009735,0.018585459583823374,0.16328,0.1407,0.03557506992262981,-0.009200000000000009,-0.011300000000000004,-0.011200000000000015,0.3933,-0.0012000000000000344,0,0,False
ARDYYGNSFAMDY,['conservative_library'],1,0.06583736389875412,0.04482688754796982,0.016606762668123363,0.17248000000000002,0.1497,0.034467631192177973,0.0,0.0,0.0,0.4045,0.010000000000000009,0,0,True
ARDYYATGFAMDY,['conservative_library'],2,0.07731246203184128,0.05528233200311661,0.016953859324373308,0.175,0.1474,0.03457496203902471,0.00252,-0.006200000000000011,-0.004599999999999993,0.3958,0.0012999999999999678,0,0,True
ARDYFSTQFAADY,['conservative_library'],4,0.07883048057556152,0.055939942598342896,0.015085146853068594,0.1607,0.1385,0.03508942860748803,-0.011779999999999995,-0.013499999999999984,-0.01319999999999999,0.3945,0.0,0,0,False
ARDYYGQSFAIDW,['conservative_library'],3,0.07023933529853821,0.051057107746601105,0.016511130390345345,0.17248000000000002,0.1497,0.034467631192177973,0.0,0.0,0.0,0.3945,0.0,0,0,True
AKDYYSTAYAMDY,['conservative_library'],4,0.06959671229124069,0.049997732043266296,0.015453933886721997,0.16118000000000002,0.1385,0.03563377049934514,-0.0113,-0.013499999999999984,-0.013300000000000006,0.3958,0.0012999999999999678,0,0,False
ARDYWGQSFGMEY,['conservative_library'],4,0.06369182765483856,0.04738769680261612,0.014901742304511677,0.16988,0.1475,0.03399655276642031,-0.0026000000000000025,-0.003500000000000003,-0.0030000000000000027,0.3933,-0.0012000000000000344,0,0,True
ARDYYGNGFAMDY,['conservative_library'],2,0.07627150714397431,0.05524773895740509,0.016939511343354814,0.17248000000000002,0.1497,0.034467631192177973,0.0,0.0,0.0,0.4045,0.010000000000000009,0,0,True
SRDYYATQFAMDY,['conservative_library'],3,0.07653059810400009,0.05567047744989395,0.01571000465637354,0.175,0.1474,0.03457496203902471,0.00252,-0.006200000000000011,-0.004599999999999993,0.3945,0.0,0,0,True
AREYYASSFAMEY,['conservative_library'],4,0.0827266052365303,0.061398573219776154,0.017157395590448623,0.175,0.1474,0.03457496203902471,0.00252,-0.006200000000000011,-0.004599999999999993,0.3958,0.0012999999999999678,0,0,True
ARDYYSTNFAMEY,['conservative_library'],3,0.07618688941001892,0.05423013120889664,0.01802763801837834,0.16328,0.1407,0.03557506992262981,-0.009200000000000009,-0.011300000000000004,-0.011200000000000015,0.3945,0.0,0,0,False
VRDYFGTSFAMEF,['conservative_library'],4,0.07440336942672729,0.05463399738073349,0.01534050620955013,0.16988,0.1475,0.03399655276642031,-0.0026000000000000025,-0.003500000000000003,-0.0030000000000000027,0.3945,0.0,0,0,True
ARDYYGTSFAMDW,['conservative_library'],1,0.068729829788208,0.048650145530700684,0.01627732499319885,0.17248000000000002,0.1497,0.034467631192177973,0.0,0.0,0.0,0.3945,0.0,0,0,True
AHEYYATSWAMDY,['conservative_library'],4,0.07774555385112762,0.059206195175647736,0.01639502079557523,0.17292000000000002,0.1451,0.0346866775578175,0.00044000000000000706,-0.008300000000000002,-0.0068999999999999895,0.3958,0.0012999999999999678,0,0,True
SHEYYGTSFAMDW,['conservative_library'],4,0.07084181755781174,0.04889867454767227,0.01655937311762977,0.17248000000000002,0.1497,0.034467631192177973,0.0,0.0,0.0,0.3933,-0.0012000000000000344,0,0,True
ARDYYGTGFAMDY,['conservative_library'],1,0.07306449711322785,0.0530611053109169,0.015659357285448802,0.17248000000000002,0.1497,0.034467631192177973,0.0,0.0,0.0,0.3945,0.0,0,0,True
ARDYYGQSWAMEY,['conservative_library'],3,0.07215595096349717,0.05129372328519821,0.016889429881390174,0.17036,0.1476,0.034532859713611905,-0.0021199999999999995,-0.0022999999999999965,-0.0022000000000000075,0.3945,0.0,0,0,True
ARDYFGQSFAMDY,['conservative_library'],2,0.06565434038639069,0.04443206638097763,0.016139782166750938,0.16988,0.1475,0.03399655276642031,-0.0026000000000000025,-0.003500000000000003,-0.0030000000000000027,0.3945,0.0,0,0,True
GRDYYGTSFAMDY,['conservative_library'],1,0.06678551733493805,0.047523267567157745,0.015492216017566288,0.17248000000000002,0.1497,0.034467631192177973,0.0,0.0,0.0,0.3933,-0.0012000000000000344,0,0,True
ARDYYSTSWAMEW,['conservative_library'],4,0.08186794370412827,0.05675379931926727,0.020281538113787318,0.16118000000000002,0.1385,0.03563377049934514,-0.0113,-0.013499999999999984,-0.013300000000000006,0.3945,0.0,0,0,False
AHDYYSTSFAMDY,['conservative_library'],2,0.06561556160449981,0.039178214967250824,0.019294815723114884,0.16328,0.1407,0.03557506992262981,-0.009200000000000009,-0.011300000000000004,-0.011200000000000015,0.3945,0.0,0,0,False
ARDYWGTSFLMEW,['conservative_library'],4,0.06996876448392868,0.05771695822477341,0.013128185461309767,0.16988,0.1475,0.03399655276642031,-0.0026000000000000025,-0.003500000000000003,-0.0030000000000000027,0.3945,0.0,0,0,True
ARDYYGSSFGMDY,['conservative_library'],2,0.05976954847574234,0.042475827038288116,0.014435754248895661,0.17248000000000002,0.1497,0.034467631192177973,0.0,0.0,0.0,0.3933,-0.0012000000000000344,0,0,True
AKDYWGTSFAMEY,['conservative_library'],3,0.06577924340963363,0.048071056604385376,0.01507836790419748,0.16988,0.1475,0.03399655276642031,-0.0026000000000000025,-0.003500000000000003,-0.0030000000000000027,0.3945,0.0,0,0,True
GRDYWGTSYALDY,['conservative_library'],4,0.06682641655206681,0.047698549926280975,0.015075139596225706,0.1678,0.1454,0.034092931818780266,-0.004680000000000006,-0.005400000000000016,-0.0050000000000000044,0.3933,-0.0012000000000000344,0,0,True
AHDYYGTSYAMEY,['conservative_library'],3,0.07072650790214538,0.05161871761083603,0.016271875044335877,0.17036,0.1476,0.034532859713611905,-0.0021199999999999995,-0.0022999999999999965,-0.0022000000000000075,0.3945,0.0,0,0,True
AREYYSNSFAMEY,['conservative_library'],4,0.0778967410326004,0.054406531155109406,0.018190949179388665,0.16328,0.1407,0.03557506992262981,-0.009200000000000009,-0.011300000000000004,-0.011200000000000015,0.4045,0.010000000000000009,0,0,False
IREYYGTSFSVDY,['conservative_library'],4,0.06189972758293152,0.04832027107477188,0.011771229463571748,0.17248000000000002,0.1497,0.034467631192177973,0.0,0.0,0.0,0.3933,-0.0012000000000000344,0,0,True
AREYYGTSFGMDY,['conservative_library'],2,0.06621878296136856,0.0505140945315361,0.013476091880941347,0.17248000000000002,0.1497,0.034467631192177973,0.0,0.0,0.0,0.3933,-0.0012000000000000344,0,0,True
ARDYFGTAFAMDY,['conservative_library'],2,0.07469097375869752,0.05755724012851715,0.013284579753368289,0.16988,0.1475,0.03399655276642031,-0.0026000000000000025,-0.003500000000000003,-0.0030000000000000027,0.3958,0.0012999999999999678,0,0,True
AKDYYATSFSMDY,['conservative_library'],3,0.0615347608923912,0.04547775536775589,0.014408255167542043,0.175,0.1474,0.03457496203902471,0.00252,-0.006200000000000011,-0.004599999999999993,0.3945,0.0,0,0,True
AREYYGTSYMMDY,['conservative_library'],3,0.06556683778762817,0.05099499970674515,0.013183014901135324,0.17036,0.1476,0.034532859713611905,-0.0021199999999999995,-0.0022999999999999965,-0.0022000000000000075,0.3945,0.0,0,0,True
ARDYYGTSFAAEY,['conservative_library'],2,0.07094912976026535,0.05180266499519348,0.015005581237468904,0.17248000000000002,0.1497,0.034467631192177973,0.0,0.0,0.0,0.3945,0.0,0,0,True
ARDYWGSQFAMDY,['conservative_library'],3,0.07515071332454681,0.05696122348308563,0.014174428344036167,0.16988,0.1475,0.03399655276642031,-0.0026000000000000025,-0.003500000000000003,-0.0030000000000000027,0.3945,0.0,0,0,True
ARDFYGTSWAMDY,['conservative_library'],2,0.07237203121185302,0.05230654776096344,0.0161244750175675,0.17036,0.1476,0.034532859713611905,-0.0021199999999999995,-0.0022999999999999965,-0.0022000000000000075,0.3945,0.0,0,0,True
ARDYYSTSYAMDY,['conservative_library'],2,0.06612888276576996,0.03858616203069687,0.019636772449990306,0.16118000000000002,0.1385,0.03563377049934514,-0.0113,-0.013499999999999984,-0.013300000000000006,0.3945,0.0,0,0,False
ARDYYSQSFAMDY,['conservative_library'],2,0.06326733380556107,0.03578268736600876,0.02001978110176157,0.16328,0.1407,0.03557506992262981,-0.009200000000000009,-0.011300000000000004,-0.011200000000000015,0.3945,0.0,0,0,False
MRDYYGTAYAMDF,['conservative_library'],4,0.07147105187177658,0.056261710822582245,0.01317304192706431,0.17036,0.1476,0.034532859713611905,-0.0021199999999999995,-0.0022999999999999965,-0.0022000000000000075,0.3958,0.0012999999999999678,0,0,True
ARDYWGTSFAIDW,['conservative_library'],3,0.07308875173330306,0.055188700556755066,0.01519523231253837,0.16988,0.1475,0.03399655276642031,-0.0026000000000000025,-0.003500000000000003,-0.0030000000000000027,0.3945,0.0,0,0,True
AREYYGTSFAMEY,['conservative_library'],2,0.0755105510354042,0.0560188964009285,0.015644857784276166,0.17248000000000002,0.1497,0.034467631192177973,0.0,0.0,0.0,0.3945,0.0,0,0,True
ARDFYGTSFAMDY,['conservative_library'],1,0.06940627247095107,0.04904691129922867,0.016353611349341532,0.17248000000000002,0.1497,0.034467631192177973,0.0,0.0,0.0,0.3945,0.0,0,0,True
IRDYYGTSWAMDY,['conservative_library'],2,0.06299976110458375,0.04202341288328171,0.015875229425415468,0.17036,0.1476,0.034532859713611905,-0.0021199999999999995,-0.0022999999999999965,-0.0022000000000000075,0.3945,0.0,0,0,True
IRDYYGTSYMMDY,['conservative_library'],3,0.05691404640674591,0.03989914804697037,0.013772887511688573,0.17036,0.1476,0.034532859713611905,-0.0021199999999999995,-0.0022999999999999965,-0.0022000000000000075,0.3945,0.0,0,0,False
ARDYFGTSYALDY,['conservative_library'],3,0.06826757192611695,0.04666471481323242,0.015984735731647298,0.1678,0.1454,0.034092931818780266,-0.004680000000000006,-0.005400000000000016,-0.0050000000000000044,0.3945,0.0,0,0,True
ARDWYGTSFAMEF,['conservative_library'],3,0.07761347889900208,0.05804527550935745,0.015500066372529256,0.17248000000000002,0.1497,0.034467631192177973,0.0,0.0,0.0,0.3945,0.0,0,0,True
ARDYYGTSFLMDY,['conservative_library'],1,0.06064215153455734,0.04766478389501572,0.012607388555467712,0.17248000000000002,0.1497,0.034467631192177973,0.0,0.0,0.0,0.3945,0.0,0,0,True
ARDYFGSSFALDW,['conservative_library'],4,0.06907107532024384,0.04688107222318649,0.016555973813761258,0.16988,0.1475,0.03399655276642031,-0.0026000000000000025,-0.003500000000000003,-0.0030000000000000027,0.3945,0.0,0,0,True
ARDYYGTAFAMEF,['conservative_library'],3,0.0808856099843979,0.06636591255664825,0.013856795143264598,0.17248000000000002,0.1497,0.034467631192177973,0.0,0.0,0.0,0.3958,0.0012999999999999678,0,0,True
LRDYFATSFAIDY,['conservative_library'],4,0.06788538843393326,0.04306390881538391,0.017177742455509272,0.17243999999999998,0.1452,0.034056459005598345,-4.000000000000115e-05,-0.008200000000000013,-0.0068000000000000005,0.3958,0.0012999999999999678,0,0,True
AKDYYGTSFAMEY,['conservative_library'],2,0.06593183428049088,0.046634308993816376,0.015779361185461693,0.17248000000000002,0.1497,0.034467631192177973,0.0,0.0,0.0,0.3945,0.0,0,0,True
ARDYYGTSFIMDY,['conservative_library'],1,0.05757387429475784,0.0439532995223999,0.011981973152099876,0.17248000000000002,0.1497,0.034467631192177973,0.0,0.0,0.0,0.3945,0.0,0,0,False
ARDYYGTSYAMDY,['conservative_library'],1,0.06457453221082687,0.044000014662742615,0.016033010925303074,0.17036,0.1476,0.034532859713611905,-0.0021199999999999995,-0.0022999999999999965,-0.0022000000000000075,0.3945,0.0,0,0,True
ARDYYGTSWAMDY,['conservative_library'],1,0.06468981802463532,0.04456569254398346,0.015540612242067599,0.17036,0.1476,0.034532859713611905,-0.0021199999999999995,-0.0022999999999999965,-0.0022000000000000075,0.3945,0.0,0,0,True
GREWFGTSFAMDY,['conservative_library'],4,0.07973146438598633,0.0604824423789978,0.015753760797490038,0.16988,0.1475,0.03399655276642031,-0.0026000000000000025,-0.003500000000000003,-0.0030000000000000027,0.3933,-0.0012000000000000344,0,0,True
ARDYYSTSFGLDY,['conservative_library'],3,0.057522411644458774,0.03332335501909256,0.017116746536448513,0.16328,0.1407,0.03557506992262981,-0.009200000000000009,-0.011300000000000004,-0.011200000000000015,0.3933,-0.0012000000000000344,0,0,False
ARDYYATTFAMDY,['conservative_library'],2,0.0779034063220024,0.05622506141662598,0.016154269984231515,0.175,0.1474,0.03457496203902471,0.00252,-0.006200000000000011,-0.004599999999999993,0.3958,0.0012999999999999678,0,0,True
AREWYGTAFAMDY,['conservative_library'],3,0.08281539678573609,0.06968589872121811,0.012371750802175927,0.17248000000000002,0.1497,0.034467631192177973,0.0,0.0,0.0,0.3958,0.0012999999999999678,0,0,True
ARDYWGTSFLMEF,['conservative_library'],4,0.07042889893054963,0.056893184781074524,0.012699827963617152,0.16988,0.1475,0.03399655276642031,-0.0026000000000000025,-0.003500000000000003,-0.0030000000000000027,0.3945,0.0,0,0,True
SRDYFSTTFAMDY,['conservative_library'],4,0.07583975344896317,0.04735727608203888,0.017857984723939197,0.1607,0.1385,0.03508942860748803,-0.011779999999999995,-0.013499999999999984,-0.01319999999999999,0.3933,-0.0012000000000000344,0,0,False
ARDYYGTSFMIDY,['conservative_library'],2,0.05422329753637314,0.040642477571964264,0.012417585870080078,0.17248000000000002,0.1497,0.034467631192177973,0.0,0.0,0.0,0.3945,0.0,0,0,False
GRDYYGTSWAIDY,['conservative_library'],3,0.06559263020753861,0.04731827229261398,0.014739198987056784,0.17036,0.1476,0.034532859713611905,-0.0021199999999999995,-0.0022999999999999965,-0.0022000000000000075,0.3933,-0.0012000000000000344,0,0,True
AHEYYGTQFAMDF,['conservative_library'],4,0.08367036134004593,0.06758813560009003,0.013896565321214322,0.17248000000000002,0.1497,0.034467631192177973,0.0,0.0,0.0,0.3945,0.0,0,0,True
ARDYYGTSFALDY,['conservative_library'],1,0.06191534698009491,0.04069984704256058,0.015877980835624517,0.17248000000000002,0.1497,0.034467631192177973,0.0,0.0,0.0,0.3945,0.0,0,0,True
ARDYWGTSFAMDY,['conservative_library'],1,0.06236901879310608,0.04303538054227829,0.015291829896295952,0.16988,0.1475,0.03399655276642031,-0.0026000000000000025,-0.003500000000000003,-0.0030000000000000027,0.3945,0.0,0,0,True
ARDYYGTSFAMDF,['conservative_library'],1,0.06975409835577011,0.051968351006507874,0.015686952259584705,0.17248000000000002,0.1497,0.034467631192177973,0.0,0.0,0.0,0.3945,0.0,0,0,True
ARDYYGTSFVVDY,['conservative_library'],2,0.057345707714557645,0.04245578497648239,0.012895984460430599,0.17248000000000002,0.1497,0.034467631192177973,0.0,0.0,0.0,0.3945,0.0,0,0,False
ARDYFAQSFAADY,['conservative_library'],4,0.07493596374988556,0.05317690968513489,0.016068553543444646,0.17243999999999998,0.1452,0.034056459005598345,-4.000000000000115e-05,-0.008200000000000013,-0.0068000000000000005,0.3958,0.0012999999999999678,0,0,True
AKDWYATSFAMDY,['conservative_library'],3,0.07537156790494919,0.053859643638134,0.01705569732045689,0.175,0.1474,0.03457496203902471,0.00252,-0.006200000000000011,-0.004599999999999993,0.3958,0.0012999999999999678,0,0,True
ARDYYGQSYAMEF,['conservative_library'],4,0.07660641819238663,0.058416567742824554,0.017303583229636068,0.17036,0.1476,0.034532859713611905,-0.0021199999999999995,-0.0022999999999999965,-0.0022000000000000075,0.3945,0.0,0,0,True
AKEYYSTSFAMDY,['conservative_library'],3,0.07040426880121231,0.047834381461143494,0.01686589266522658,0.16328,0.1407,0.03557506992262981,-0.009200000000000009,-0.011300000000000004,-0.011200000000000015,0.3945,0.0,0,0,False
ARDYYGTSFAVDF,['conservative_library'],2,0.06969510465860367,0.053003884851932526,0.014740264386102913,0.17248000000000002,0.1497,0.034467631192177973,0.0,0.0,0.0,0.3945,0.0,0,0,True
AREYYATSYAMDF,['conservative_library'],4,0.07571878135204316,0.05848274379968643,0.015994300536670884,0.17292000000000002,0.1451,0.0346866775578175,0.00044000000000000706,-0.008300000000000002,-0.0068999999999999895,0.3958,0.0012999999999999678,0,0,True
SRDYYGTSFAIDY,['conservative_library'],2,0.058667059242725375,0.03814204782247543,0.015237344843042143,0.17248000000000002,0.1497,0.034467631192177973,0.0,0.0,0.0,0.3933,-0.0012000000000000344,0,0,True
ARDYFGSSFAMDY,['conservative_library'],2,0.06632770001888275,0.04445486515760422,0.01620124764693995,0.16988,0.1475,0.03399655276642031,-0.0026000000000000025,-0.003500000000000003,-0.0030000000000000027,0.3945,0.0,0,0,True
AKDYYGTNFSVDY,['conservative_library'],4,0.05665406584739685,0.046550072729587555,0.01207974673666632,0.17248000000000002,0.1497,0.034467631192177973,0.0,0.0,0.0,0.4433,0.04880000000000001,0,1,False
AREFYGTSFIMDY,['conservative_library'],3,0.0718173548579216,0.058843858540058136,0.012452443842216545,0.17248000000000002,0.1497,0.034467631192177973,0.0,0.0,0.0,0.3945,0.0,0,0,True
AREYYSQSFALDY,['conservative_library'],4,0.06881534159183503,0.043301768600940704,0.018887073573751526,0.16328,0.1407,0.03557506992262981,-0.009200000000000009,-0.011300000000000004,-0.011200000000000015,0.3945,0.0,0,0,False
ARDWFGQSWAMDY,['conservative_library'],4,0.07736763060092926,0.05630026012659073,0.016120357289835054,0.1678,0.1454,0.034092931818780266,-0.004680000000000006,-0.005400000000000016,-0.0050000000000000044,0.3945,0.0,0,0,True
AKDFYGTSFAMDF,['conservative_library'],3,0.0718560203909874,0.05625974386930466,0.014773453695492943,0.17248000000000002,0.1497,0.034467631192177973,0.0,0.0,0.0,0.3945,0.0,0,0,True
ARDYWATSFGVDY,['conservative_library'],4,0.06526104062795639,0.043854326009750366,0.015977114108038804,0.17243999999999998,0.1452,0.034056459005598345,-4.000000000000115e-05,-0.008200000000000013,-0.0068000000000000005,0.3945,0.0,0,0,True
ARDYYGTTFAMDY,['conservative_library'],1,0.07369412630796432,0.0520898774266243,0.01535975670023801,0.17248000000000002,0.1497,0.034467631192177973,0.0,0.0,0.0,0.3945,0.0,0,0,True
ARDWYGNSFAMDY,['conservative_library'],2,0.0747635006904602,0.053438641130924225,0.01738744192225783,0.17248000000000002,0.1497,0.034467631192177973,0.0,0.0,0.0,0.4045,0.010000000000000009,0,0,True
ARDFYSTTFAMDW,['conservative_library'],4,0.07656297236680984,0.05068527162075043,0.019291110107764273,0.16328,0.1407,0.03557506992262981,-0.009200000000000009,-0.011300000000000004,-0.011200000000000015,0.3945,0.0,0,0,False
MRDYYGTSFSADY,['conservative_library'],3,0.05433609485626221,0.04099350422620773,0.011513135612549076,0.17248000000000002,0.1497,0.034467631192177973,0.0,0.0,0.0,0.3933,-0.0012000000000000344,0,0,False
ARDYYGQAWAMDW,['conservative_library'],4,0.07712895274162293,0.062411047518253326,0.014916733080226072,0.17036,0.1476,0.034532859713611905,-0.0021199999999999995,-0.0022999999999999965,-0.0022000000000000075,0.3958,0.0012999999999999678,0,0,True
ARDYYGTSFLMEY,['conservative_library'],2,0.06539740264415742,0.052803702652454376,0.012768896341752396,0.17248000000000002,0.1497,0.034467631192177973,0.0,0.0,0.0,0.3945,0.0,0,0,True
AKDYWGTSFAMDY,['conservative_library'],2,0.060203394293785094,0.04272087663412094,0.015040012665546859,0.16988,0.1475,0.03399655276642031,-0.0026000000000000025,-0.003500000000000003,-0.0030000000000000027,0.3945,0.0,0,0,True
ARDYYSTSFSMDY,['conservative_library'],2,0.05700344741344452,0.036116957664489746,0.01617510213388885,0.16328,0.1407,0.03557506992262981,-0.009200000000000009,-0.011300000000000004,-0.011200000000000015,0.3933,-0.0012000000000000344,0,0,False
MREWYGTSFAMDW,['conservative_library'],4,0.06950146406888962,0.04666057974100113,0.016961917025390235,0.17248000000000002,0.1497,0.034467631192177973,0.0,0.0,0.0,0.3945,0.0,0,0,True
ARDYYGTAYAMDY,['conservative_library'],2,0.07093929648399352,0.05417928099632263,0.01370939149737443,0.17036,0.1476,0.034532859713611905,-0.0021199999999999995,-0.0022999999999999965,-0.0022000000000000075,0.3958,0.0012999999999999678,0,0,True
ARDFYGQSFAMDY,['conservative_library'],2,0.07005477398633957,0.05054187774658203,0.01684750115306925,0.17248000000000002,0.1497,0.034467631192177973,0.0,0.0,0.0,0.3945,0.0,0,0,True
AREYYATSFAIDY,['conservative_library'],3,0.07136555910110473,0.0524926632642746,0.01575211572553768,0.175,0.1474,0.03457496203902471,0.00252,-0.006200000000000011,-0.004599999999999993,0.3958,0.0012999999999999678,0,0,True
LRDFYGQTFAMDY,['conservative_library'],4,0.07837803363800049,0.05581206828355789,0.016327781378463083,0.17248000000000002,0.1497,0.034467631192177973,0.0,0.0,0.0,0.3945,0.0,0,0,True
ARDFWGTSYALDY,['conservative_library'],4,0.07052006870508194,0.051059938967227936,0.015783752979697762,0.1678,0.1454,0.034092931818780266,-0.004680000000000006,-0.005400000000000016,-0.0050000000000000044,0.3945,0.0,0,0,True
ARDYYSTSFALDF,['conservative_library'],3,0.06851447522640228,0.04466790705919266,0.01790905348458889,0.16328,0.1407,0.03557506992262981,-0.009200000000000009,-0.011300000000000004,-0.011200000000000015,0.3945,0.0,0,0,False
ARDYFSNSFAIDY,['conservative_library'],4,0.06738715916872025,0.03911716490983963,0.019395481347349232,0.1607,0.1385,0.03508942860748803,-0.011779999999999995,-0.013499999999999984,-0.01319999999999999,0.4045,0.010000000000000009,0,0,False
AREYYGNTFAADY,['conservative_library'],4,0.0836676687002182,0.06526178866624832,0.015026152058932239,0.17248000000000002,0.1497,0.034467631192177973,0.0,0.0,0.0,0.4045,0.010000000000000009,0,0,True
LRDYYGTSFAMDY,['conservative_library'],1,0.060245749354362485,0.03722918778657913,0.016444735664611288,0.17248000000000002,0.1497,0.034467631192177973,0.0,0.0,0.0,0.3945,0.0,0,0,True
ARDYYGTSYMMDW,['conservative_library'],3,0.06476180851459504,0.04899067431688309,0.014607976320018222,0.17036,0.1476,0.034532859713611905,-0.0021199999999999995,-0.0022999999999999965,-0.0022000000000000075,0.3945,0.0,0,0,True
ARDYWGTSFAMDW,['conservative_library'],2,0.06697613000869751,0.04821383208036423,0.015759023204274497,0.16988,0.1475,0.03399655276642031,-0.0026000000000000025,-0.003500000000000003,-0.0030000000000000027,0.3945,0.0,0,0,True
ARDYFGTNFAMDF,['conservative_library'],3,0.07235910445451736,0.0534488782286644,0.015800747875098338,0.16988,0.1475,0.03399655276642031,-0.0026000000000000025,-0.003500000000000003,-0.0030000000000000027,0.3945,0.0,0,0,True
AKEYYGTSFAMDY,['conservative_library'],2,0.06957384198904037,0.053721778094768524,0.014335763300202769,0.17248000000000002,0.1497,0.034467631192177973,0.0,0.0,0.0,0.3945,0.0,0,0,True
ARDYWGSSYAMDW,['conservative_library'],4,0.06917473375797271,0.04934465140104294,0.016334850217768575,0.1678,0.1454,0.034092931818780266,-0.004680000000000006,-0.005400000000000016,-0.0050000000000000044,0.3945,0.0,0,0,True
ARDYWGNGFAVDY,['conservative_library'],4,0.0780099168419838,0.05905814468860626,0.014915144220561982,0.16988,0.1475,0.03399655276642031,-0.0026000000000000025,-0.003500000000000003,-0.0030000000000000027,0.4045,0.010000000000000009,0,0,True
MREYYGTGFAMDY,['conservative_library'],3,0.07616787105798721,0.055874623358249664,0.015607986389116507,0.17248000000000002,0.1497,0.034467631192177973,0.0,0.0,0.0,0.3945,0.0,0,0,True
ARDYYGQSFAADY,['conservative_library'],2,0.06475816369056701,0.046765148639678955,0.014912877003174481,0.17248000000000002,0.1497,0.034467631192177973,0.0,0.0,0.0,0.3945,0.0,0,0,True
AREYYGTSWAMEY,['conservative_library'],3,0.07763424813747406,0.05830874294042587,0.01604247839057032,0.17036,0.1476,0.034532859713611905,-0.0021199999999999995,-0.0022999999999999965,-0.0022000000000000075,0.3945,0.0,0,0,True
ARDYYSTSWAMDY,['conservative_library'],2,0.06597992777824402,0.038278743624687195,0.019538365983627962,0.16118000000000002,0.1385,0.03563377049934514,-0.0113,-0.013499999999999984,-0.013300000000000006,0.3945,0.0,0,0,False
GREYYGTSFAMDY,['conservative_library'],2,0.07437963187694549,0.0564330592751503,0.015170629576300877,0.17248000000000002,0.1497,0.034467631192177973,0.0,0.0,0.0,0.3933,-0.0012000000000000344,0,0,True
AKDFYGTSFALDF,['conservative_library'],4,0.0687168449163437,0.05364612489938736,0.014108353932974991,0.17248000000000002,0.1497,0.034467631192177973,0.0,0.0,0.0,0.3945,0.0,0,0,True
ARDFYGTSFLMEY,['conservative_library'],3,0.07109291106462479,0.0590977743268013,0.012612124834403963,0.17248000000000002,0.1497,0.034467631192177973,0.0,0.0,0.0,0.3945,0.0,0,0,True
ARDYFGTSFAVEY,['conservative_library'],3,0.0705420732498169,0.04926445335149765,0.01548135213349721,0.16988,0.1475,0.03399655276642031,-0.0026000000000000025,-0.003500000000000003,-0.0030000000000000027,0.3945,0.0,0,0,True
GRDYYGTSFSMDY,['conservative_library'],2,0.05915343165397644,0.04588013142347336,0.012682675683221886,0.17248000000000002,0.1497,0.034467631192177973,0.0,0.0,0.0,0.392,-0.0025000000000000022,0,0,True
LRDYYGTSWAMDY,['conservative_library'],2,0.06172690987586975,0.03943372517824173,0.016374836370203507,0.17036,0.1476,0.034532859713611905,-0.0021199999999999995,-0.0022999999999999965,-0.0022000000000000075,0.3945,0.0,0,0,True
ARDWYGSGFAMDY,['conservative_library'],3,0.08307783156633378,0.06322573870420456,0.016373116812829148,0.17248000000000002,0.1497,0.034467631192177973,0.0,0.0,0.0,0.3945,0.0,0,0,True
ARDFYGTSFAIEY,['conservative_library'],3,0.07038181126117707,0.05157352238893509,0.015585157427985979,0.17248000000000002,0.1497,0.034467631192177973,0.0,0.0,0.0,0.3945,0.0,0,0,True
ARDYYGTNYAIDY,['conservative_library'],3,0.0631342425942421,0.04621673375368118,0.014628088477874978,0.17036,0.1476,0.034532859713611905,-0.0021199999999999995,-0.0022999999999999965,-0.0022000000000000075,0.3945,0.0,0,0,True
ARDFYSTSFAMEF,['conservative_library'],4,0.08183109760284424,0.0611618235707283,0.017710404595897636,0.16328,0.1407,0.03557506992262981,-0.009200000000000009,-0.011300000000000004,-0.011200000000000015,0.3945,0.0,0,0,False
VRDWYATSWAMDY,['conservative_library'],4,0.07772463858127594,0.054555319249629974,0.017801114125378,0.17292000000000002,0.1451,0.0346866775578175,0.00044000000000000706,-0.008300000000000002,-0.0068999999999999895,0.3958,0.0012999999999999678,0,0,True
AKDYYSTSFAMDF,['conservative_library'],3,0.06960919648408889,0.04677625000476837,0.017801388769394536,0.16328,0.1407,0.03557506992262981,-0.009200000000000009,-0.011300000000000004,-0.011200000000000015,0.3945,0.0,0,0,False
ARDWWGTSWAMDY,['conservative_library'],3,0.07163784205913544,0.05093861371278763,0.015938057048709754,0.1678,0.1454,0.034092931818780266,-0.004680000000000006,-0.005400000000000016,-0.0050000000000000044,0.3945,0.0,0,0,True
ARDYYGTSWAMEY,['conservative_library'],2,0.07102175056934357,0.0504610612988472,0.016188739330172418,0.17036,0.1476,0.034532859713611905,-0.0021199999999999995,-0.0022999999999999965,-0.0022000000000000075,0.3945,0.0,0,0,True
VRDYWGQSFAMDY,['conservative_library'],3,0.06060135513544083,0.039963141083717346,0.016182090813304833,0.16988,0.1475,0.03399655276642031,-0.0026000000000000025,-0.003500000000000003,-0.0030000000000000027,0.3945,0.0,0,0,True
AREYYGTTFAMDW,['conservative_library'],3,0.07254588603973389,0.050954461097717285,0.015703481986461865,0.17248000000000002,0.1497,0.034467631192177973,0.0,0.0,0.0,0.3945,0.0,0,0,True
ARDYYATSFALDY,['conservative_library'],2,0.06593830287456512,0.042647019028663635,0.01714690308535286,0.175,0.1474,0.03457496203902471,0.00252,-0.006200000000000011,-0.004599999999999993,0.3958,0.0012999999999999678,0,0,True
ARDYYGNSWSMDY,['conservative_library'],3,0.06227838546037674,0.04425949603319168,0.014365889862138137,0.17036,0.1476,0.034532859713611905,-0.0021199999999999995,-0.0022999999999999965,-0.0022000000000000075,0.4033,0.008799999999999975,0,0,True
SRDYYGTSWAMDY,['conservative_library'],2,0.06235708594322205,0.04013451933860779,0.015855351435024062,0.17036,0.1476,0.034532859713611905,-0.0021199999999999995,-0.0022999999999999965,-0.0022000000000000075,0.3933,-0.0012000000000000344,0,0,True
AKDYWGTSFALEY,['conservative_library'],4,0.06422494649887085,0.046215638518333435,0.015115431481474102,0.16988,0.1475,0.03399655276642031,-0.0026000000000000025,-0.003500000000000003,-0.0030000000000000027,0.3945,0.0,0,0,True
VRDYYGTSFAMDY,['conservative_library'],1,0.06190193891525268,0.039247967302799225,0.016676772671043748,0.17248000000000002,0.1497,0.034467631192177973,0.0,0.0,0.0,0.3945,0.0,0,0,True
ARDYYSTNFAMDY,['conservative_library'],2,0.06851945221424102,0.04465880244970322,0.018475021325558012,0.16328,0.1407,0.03557506992262981,-0.009200000000000009,-0.011300000000000004,-0.011200000000000015,0.3945,0.0,0,0,False
SRDWYGTSFAMDY,['conservative_library'],2,0.06995062679052352,0.047052763402462006,0.01665707756950647,0.17248000000000002,0.1497,0.034467631192177973,0.0,0.0,0.0,0.3933,-0.0012000000000000344,0,0,True
ARDFYATSFMMDF,['conservative_library'],4,0.07449097335338592,0.058671705424785614,0.015514998125936515,0.175,0.1474,0.03457496203902471,0.00252,-0.006200000000000011,-0.004599999999999993,0.3958,0.0012999999999999678,0,0,True
AKDYYGTSFAIDY,['conservative_library'],2,0.05941555947065354,0.041887715458869934,0.014825494854097076,0.17248000000000002,0.1497,0.034467631192177973,0.0,0.0,0.0,0.3945,0.0,0,0,True
DARSYDFMAGYTY,['composition_shuffle'],11,0.07487513273954391,0.061210207641124725,0.012860324598106657,0.1594,0.1365,0.03573289800729854,-0.013079999999999998,-0.015499999999999986,-0.015100000000000002,0.3945,0.0,0,0,False
RGYFDSYYTMADA,['composition_shuffle'],12,0.08108893632888795,0.06250741332769394,0.01403464719783375,0.14772000000000002,0.128,0.031181237948484333,-0.024760000000000004,-0.03140000000000001,-0.029700000000000004,0.3945,0.0,0,0,False
DARMYADGTYFYS,['composition_shuffle'],12,0.08229420036077499,0.06348644942045212,0.014380353635326998,0.16902,0.1409,0.03488549268678887,-0.003460000000000002,-0.012300000000000005,-0.011099999999999999,0.3945,0.0,0,0,False
YRDYDFMGYSAAT,['composition_shuffle'],10,0.07831228673458099,0.05860697478055954,0.015634203034205943,0.15822,0.1322,0.029660775445021666,-0.014259999999999995,-0.02779999999999999,-0.019799999999999984,0.3945,0.0,0,0,False
YSMTGADYYRFAD,['composition_shuffle'],13,0.06814189851284028,0.05397314578294754,0.011474277743452908,0.16298,0.1401,0.028993613089782377,-0.009499999999999998,-0.023999999999999994,-0.0131,0.3945,0.0,0,0,False
GDMFYRDAYASYT,['composition_shuffle'],11,0.08219938576221467,0.07022837549448013,0.01396848298524204,0.16118000000000002,0.1385,0.03563377049934514,-0.0113,-0.013499999999999984,-0.013300000000000006,0.3945,0.0,0,0,False
MDTAGYYRAFSDY,['composition_shuffle'],11,0.07117334157228469,0.06333482265472412,0.01232257756652335,0.15606,0.1315,0.029818423834938025,-0.016419999999999997,-0.0295,-0.02049999999999999,0.3945,0.0,0,0,False
GMTYDYFDRYAAS,['composition_shuffle'],12,0.06285394132137298,0.05518583208322525,0.009268313997916855,0.15431999999999998,0.128,0.029857756111268643,-0.018160000000000003,-0.03140000000000001,-0.023999999999999994,0.3945,0.0,0,0,False
GRYYADMADYSFT,['composition_shuffle'],11,0.08359180092811584,0.06737077981233597,0.01707677760665227,0.15253999999999998,0.1302,0.034970078638744864,-0.019939999999999996,-0.021799999999999986,-0.02099999999999999,0.3945,0.0,0,0,False
YDMFGAYRDSTAY,['composition_shuffle'],12,0.07148317098617554,0.058003395795822144,0.014931298623977591,0.1591,0.1359,0.029176360293909173,-0.013380000000000008,-0.027600000000000013,-0.017000000000000015,0.3945,0.0,0,0,False
ADSMFYRYGTDAY,['composition_shuffle'],11,0.07927266359329224,0.06716006249189377,0.013658675945179524,0.16328,0.1348,0.03449703755396976,-0.009200000000000003,-0.017199999999999993,-0.01630000000000001,0.3945,0.0,0,0,False
YMAGDSYRFADTY,['composition_shuffle'],10,0.07502337098121643,0.05228579044342041,0.017503145868855024,0.1537,0.1345,0.03093522264345288,-0.018779999999999998,-0.025900000000000006,-0.023999999999999994,0.3945,0.0,0,0,False
MYAFYDDRYGSTA,['composition_shuffle'],12,0.0724991038441658,0.04851994663476944,0.017711874426108203,0.16118000000000002,0.1385,0.03563377049934514,-0.0113,-0.013499999999999984,-0.013300000000000006,0.3945,0.0,0,0,False
TRSYAYMFDDAYG,['composition_shuffle'],11,0.06655658483505249,0.05312062054872513,0.014582077771561362,0.15912,0.1302,0.03461984402044584,-0.013359999999999993,-0.021799999999999986,-0.02099999999999999,0.3945,0.0,0,0,False
TASYAYYFRDGDM,['composition_shuffle'],11,0.060462374985218045,0.047193415462970734,0.014454668566024249,0.15912,0.1302,0.03461984402044584,-0.013359999999999993,-0.021799999999999986,-0.02099999999999999,0.3945,0.0,0,0,False
FGAYYADSRDTYM,['composition_shuffle'],10,0.06718422323465348,0.05234263837337494,0.01384642899955609,0.16902,0.1409,0.03488549268678887,-0.003460000000000002,-0.012300000000000005,-0.011099999999999999,0.3945,0.0,0,0,False
YDARADMFGYTYS,['composition_shuffle'],13,0.06327279806137084,0.04676828533411026,0.0148123146018768,0.15448,0.1329,0.03449587801462662,-0.018,-0.019100000000000006,-0.018199999999999994,0.3945,0.0,0,0,False
DTGSYMFDYAYAR,['composition_shuffle'],11,0.07220401018857955,0.058118924498558044,0.014392695626331612,0.16777999999999998,0.1385,0.03539589806743148,-0.0046999999999999984,-0.013499999999999984,-0.013300000000000006,0.3945,0.0,0,0,False
MGASDRDYTFYYA,['composition_shuffle'],13,0.07400995790958405,0.05650658905506134,0.01308079244819385,0.14772000000000002,0.128,0.031181237948484333,-0.024760000000000004,-0.03140000000000001,-0.029700000000000004,0.3945,0.0,0,0,False
AYYGFADDTRSMY,['composition_shuffle'],11,0.07204369455575943,0.0581003800034523,0.013582385405040748,0.16646,0.1387,0.034366879404449865,-0.006020000000000003,-0.014300000000000007,-0.013300000000000006,0.3945,0.0,0,0,False
TRFYSGYYAMDAD,['composition_shuffle'],10,0.06154029816389084,0.050175346434116364,0.013668522499302173,0.16061999999999999,0.1417,0.03073938190660313,-0.011860000000000004,-0.019100000000000006,-0.016199999999999992,0.3945,0.0,0,0,False
YYTADSYRMFGDA,['composition_shuffle'],12,0.06656658351421356,0.04745819419622421,0.01572859445501496,0.14982,0.1302,0.03108314012451123,-0.022659999999999996,-0.0295,-0.027700000000000002,0.3945,0.0,0,0,False
GYFRYASDMDATY,['composition_shuffle'],11,0.07830891758203506,0.06721597164869308,0.012055902389554705,0.17114000000000001,0.1432,0.03474619979220749,-0.0013399999999999968,-0.010099999999999998,-0.008800000000000002,0.3945,0.0,0,0,False
TDMAYAYRYGDSF,['composition_shuffle'],12,0.07343177497386932,0.05273989588022232,0.017035190669757543,0.17292000000000002,0.1451,0.0346866775578175,0.00044000000000000706,-0.008300000000000002,-0.0068999999999999895,0.3945,0.0,0,0,False
YGYFADASMRDTY,['composition_shuffle'],11,0.08836888372898102,0.07779787480831146,0.015953536279897703,0.1546,0.1324,0.03488420846170943,-0.017880000000000007,-0.019600000000000006,-0.0189,0.3945,0.0,0,0,False
ADRAMYYTYFGSD,['composition_shuffle'],12,0.06811009645462036,0.05583281069993973,0.014174570981501206,0.16299999999999998,0.1344,0.03443300742020656,-0.009479999999999999,-0.017600000000000005,-0.017100000000000004,0.3945,0.0,0,0,False
TRYYFDAMSDYAG,['composition_shuffle'],11,0.08168072402477264,0.06220269203186035,0.014650774996327763,0.15474,0.1321,0.03534145441262993,-0.017740000000000006,-0.0199,-0.01930000000000001,0.3945,0.0,0,0,False
DFYTADARSYGMY,['composition_shuffle'],12,0.08478079140186309,0.06749742478132248,0.015401832504129999,0.15253999999999998,0.1302,0.034970078638744864,-0.019939999999999996,-0.021799999999999986,-0.02099999999999999,0.3945,0.0,0,0,False
YDTMYSYAFGDRA,['composition_shuffle'],11,0.07480319142341614,0.05646415799856186,0.013515505368033202,0.16328,0.1407,0.03557506992262981,-0.009200000000000009,-0.011300000000000004,-0.011200000000000015,0.3945,0.0,0,0,False
YYSRYMATFADDG,['composition_shuffle'],9,0.07570407539606094,0.06190241128206253,0.013369441385429674,0.16985999999999998,0.1407,0.03531473346919102,-0.0026200000000000056,-0.011300000000000004,-0.011200000000000015,0.3945,0.0,0,0,False
FARSDYYGYADMT,['composition_shuffle'],12,0.07616938203573227,0.060615330934524536,0.014662961397000445,0.15822,0.1322,0.029660775445021666,-0.014259999999999995,-0.02779999999999999,-0.019799999999999984,0.3945,0.0,0,0,False
YAAMDSTYDGFRY,['composition_shuffle'],11,0.06990523338317871,0.05155268311500549,0.013633376565654564,0.14772000000000002,0.128,0.031181237948484333,-0.024760000000000004,-0.03140000000000001,-0.029700000000000004,0.3945,0.0,0,0,False
DSFDYAYMAYGRT,['composition_shuffle'],12,0.08044393807649612,0.07022742927074432,0.011655976287056762,0.17114000000000001,0.1432,0.03474619979220749,-0.0013399999999999968,-0.010099999999999998,-0.008800000000000002,0.3945,0.0,0,0,False
YASFYTMADDRYG,['composition_shuffle'],12,0.07132558375597,0.05722714215517044,0.0136957684853479,0.1573,0.1343,0.035788657421032155,-0.015179999999999999,-0.017699999999999994,-0.01730000000000001,0.3945,0.0,0,0,False
ATAYGSDDYRYFM,['composition_shuffle'],11,0.06252688616514206,0.04415551573038101,0.015195155204278854,0.15126,0.1335,0.031016679383841207,-0.021219999999999996,-0.02779999999999999,-0.025999999999999995,0.3945,0.0,0,0,False
FGYRYDDYTAMSA,['composition_shuffle'],10,0.08162537813186646,0.05478183180093765,0.019605580497390213,0.1573,0.1343,0.035788657421032155,-0.015179999999999999,-0.017699999999999994,-0.01730000000000001,0.3945,0.0,0,0,False
DMYTRYFSADAYG,['composition_shuffle'],12,0.06041567921638489,0.050119780004024506,0.011091528317395828,0.15546000000000001,0.1302,0.03024775032956997,-0.017019999999999997,-0.0295,-0.021799999999999986,0.3945,0.0,0,0,False
YYGTDDMAYSARF,['composition_shuffle'],13,0.06878121942281723,0.05375874787569046,0.014997444827109309,0.15162,0.1322,0.031028851090557644,-0.020859999999999997,-0.02779999999999999,-0.025999999999999995,0.3945,0.0,0,0,False
RMAYYFSGYADTD,['composition_shuffle'],10,0.07461354285478591,0.052769921720027924,0.01679296470179047,0.16777999999999998,0.1385,0.03539589806743148,-0.0046999999999999984,-0.013499999999999984,-0.013300000000000006,0.3945,0.0,0,0,False
TGDYARYMYDFAS,['composition_shuffle'],11,0.07519254982471466,0.06279339641332626,0.013526335143455002,0.15641999999999998,0.1344,0.03481346865797776,-0.01606,-0.017600000000000005,-0.017100000000000004,0.3945,0.0,0,0,False
ALYDHGGSWADFV,['proteinmpnn'],9,0.07466402500867844,0.05668879300355911,0.01566557342238756,0.16240000000000002,0.1435,0.03069872961540917,-0.010079999999999995,-0.0174,-0.014499999999999985,0.392,-0.0025000000000000022,0,0,False
GLLDHGGSWADFV,['proteinmpnn'],10,0.07734464406967163,0.059559166431427,0.015681728221717636,0.16240000000000002,0.1435,0.03069872961540917,-0.010079999999999995,-0.0174,-0.014499999999999985,0.3882,-0.006300000000000028,0,0,False
GLYDHGGSWADFK,['proteinmpnn'],10,0.07322324514389038,0.05646608769893646,0.01564368413095188,0.16240000000000002,0.1435,0.03069872961540917,-0.010079999999999995,-0.0174,-0.014499999999999985,0.3945,0.0,0,0,False
GLLDHGGSWADFK,['proteinmpnn'],10,0.07526340633630753,0.05747300386428833,0.016330748017867675,0.16240000000000002,0.1435,0.03069872961540917,-0.010079999999999995,-0.0174,-0.014499999999999985,0.392,-0.0025000000000000022,0,0,False
GLYDHGGSWADFV,['proteinmpnn'],10,0.07731625735759735,0.059803567826747894,0.015452733127868715,0.16240000000000002,0.1435,0.03069872961540917,-0.010079999999999995,-0.0174,-0.014499999999999985,0.3908,-0.0037000000000000366,0,0,False
ALLDHGGSWADFV,['proteinmpnn'],9,0.07501487135887146,0.056031182408332825,0.016053024638323494,0.16240000000000002,0.1435,0.03069872961540917,-0.010079999999999995,-0.0174,-0.014499999999999985,0.39,-0.004500000000000004,0,0,False
GVYDYGGSWADFV,['proteinmpnn'],9,0.08251544535160064,0.06400886923074722,0.016219204514513332,0.17036,0.1476,0.034532859713611905,-0.0021199999999999995,-0.0022999999999999965,-0.0022000000000000075,0.3895,-0.0050000000000000044,0,0,False
ALHDHGGSWADFK,['proteinmpnn'],9,0.07071067541837692,0.05249209702014923,0.016657587565690187,0.16240000000000002,0.1435,0.03069872961540917,-0.010079999999999995,-0.0174,-0.014499999999999985,0.397,0.0025000000000000022,0,0,False
ALLDHGGSWADFK,['proteinmpnn'],9,0.07201762050390244,0.053476713597774506,0.016923261414643186,0.16240000000000002,0.1435,0.03069872961540917,-0.010079999999999995,-0.0174,-0.014499999999999985,0.3938,-0.0007000000000000339,0,0,False
GLYDYGGSWADFK,['proteinmpnn'],9,0.07669329643249512,0.05915350466966629,0.016075590822267793,0.17036,0.1476,0.034532859713611905,-0.0021199999999999995,-0.0022999999999999965,-0.0022000000000000075,0.3933,-0.0012000000000000344,0,0,False
GPSEYYLVENARE,['bfn:7349'],12,0.08223361074924469,0.07120772451162338,0.012033979928955574,0.1639,0.1343,0.035581512053312184,-0.008579999999999999,-0.017699999999999994,-0.01730000000000001,0.382,-0.012500000000000011,0,0,False
AAFIPMGISKRHD,['bfn:7349'],12,0.06859234124422073,0.05603153258562088,0.014520367660418464,0.15446,0.1305,0.029560893085290908,-0.018019999999999998,-0.03140000000000001,-0.022999999999999993,0.414,0.019499999999999962,0,0,False
WAGIWFTYSAIYV,['bfn:7349'],11,0.07492675632238388,0.05739295482635498,0.013704713918567873,0.16132,0.1321,0.035056890906068665,-0.011160000000000008,-0.0199,-0.01930000000000001,0.4058,0.011299999999999977,0,0,False
CAANDPWHSNNCD,['bfn:7349'],13,0.06102085709571838,0.0428943932056427,0.015338993452058552,0.1528,0.1316,0.0286228579984599,-0.019680000000000003,-0.03140000000000001,-0.029700000000000004,0.3919,-0.002599999999999991,2,0,False
CVNNGYHKIADTA,['bfn:7349'],12,0.08450095802545547,0.06997422128915787,0.016918222477614805,0.15606,0.1315,0.029818423834938025,-0.016419999999999997,-0.0295,-0.02049999999999999,0.5544,0.1599,1,0,False
CCRYSFGHTHFSP,['bfn:7349'],12,0.06258452087640762,0.04805797338485718,0.014973294542161833,0.15594000000000002,0.1302,0.030866849531495755,-0.016539999999999992,-0.027999999999999997,-0.021799999999999986,0.407,0.012499999999999956,2,0,False
QMPWQIAVLIVQQ,['bfn:7349'],13,0.09960873275995255,0.07592479139566422,0.01784401145229388,0.15802,0.1324,0.03075726905952477,-0.01446,-0.026100000000000012,-0.019600000000000006,0.3932,-0.0013000000000000234,0,0,False
WFAQWKHPWHAWF,['bfn:7349'],13,0.07092076689004898,0.05556509643793106,0.017388671412100286,0.15860000000000002,0.1363,0.0351962498002273,-0.013879999999999998,-0.015699999999999992,-0.015399999999999997,0.4209,0.02639999999999998,0,0,False
CGQMYYHNHRMER,['bfn:7361'],11,0.08242709338665008,0.0711589828133583,0.01334195911549294,0.1639,0.1343,0.035581512053312184,-0.008579999999999999,-0.017699999999999994,-0.01730000000000001,0.5557,0.16119999999999995,1,0,False
CLHTRTVYRHAFN,['bfn:7361'],13,0.07136927843093872,0.059762246906757355,0.012879146034189095,0.14678,0.128,0.03146333739449774,-0.0257,-0.03140000000000001,-0.029700000000000004,0.562,0.16750000000000004,1,0,False
YARILYETHPKSD,['bfn:7361'],13,0.06793124377727508,0.053847022354602814,0.013615876960160958,0.15912,0.1302,0.03461984402044584,-0.013359999999999993,-0.021799999999999986,-0.02099999999999999,0.397,0.0025000000000000022,0,0,False
EWTMPKGCTEFQA,['bfn:7361'],13,0.07712435573339463,0.05762641876935959,0.016597108175227696,0.14786000000000002,0.1305,0.0308650352340638,-0.024619999999999996,-0.03140000000000001,-0.029700000000000004,0.5357,0.14119999999999994,1,0,False
PARKFFLHTMINF,['bfn:7361'],13,0.06849121898412705,0.05327378213405609,0.015073244268795062,0.16132,0.1321,0.035056890906068665,-0.011160000000000008,-0.0199,-0.01930000000000001,0.412,0.01749999999999996,0,0,False
RPRHDYSPVFLMT,['bfn:7361'],13,0.08207132816314697,0.06924784183502197,0.012023270981188399,0.15642,0.1302,0.029737545292105063,-0.016059999999999998,-0.0295,-0.021799999999999986,0.402,0.007500000000000007,0,0,False
ICRDNYRSKISSE,['bfn:7361'],12,0.07142311781644821,0.056004419922828674,0.014740232126831785,0.15594000000000002,0.1302,0.030866849531495755,-0.016539999999999992,-0.027999999999999997,-0.021799999999999986,0.5419,0.14740000000000003,1,0,False
AGRCPYQYNVIMG,['bfn:7361'],12,0.07054019421339035,0.05679760128259659,0.012695606921265175,0.15446,0.1305,0.029560893085290908,-0.018019999999999998,-0.03140000000000001,-0.022999999999999993,0.5482,0.1537,1,0,False
ILADLFSTHLTYD,['bfn:7373'],13,0.0703932598233223,0.05304529517889023,0.012606499661273628,0.15912,0.1302,0.03461984402044584,-0.013359999999999993,-0.021799999999999986,-0.02099999999999999,0.3939,-0.0006000000000000449,0,0,False
LMFHYYGVLTGYD,['bfn:7373'],12,0.065520378947258,0.04777198284864426,0.014150071268814925,0.16597999999999996,0.1365,0.03550151546061098,-0.006500000000000001,-0.015499999999999986,-0.015100000000000002,0.4008,0.006299999999999972,0,0,False
ITCAQGKYLFKSD,['bfn:7373'],12,0.06277571618556976,0.049683623015880585,0.013776452582150623,0.16061999999999999,0.1417,0.03073938190660313,-0.011860000000000004,-0.019100000000000006,-0.016199999999999992,0.547,0.15250000000000002,1,0,False
GARLSLSYIVYTQ,['bfn:7373'],13,0.07458087056875229,0.058697499334812164,0.013472735812943544,0.15802,0.1324,0.03075726905952477,-0.01446,-0.026100000000000012,-0.019600000000000006,0.3995,0.0050000000000000044,0,0,False
RQTQGFWKSCYCP,['bfn:7373'],13,0.08997542262077332,0.06843708455562592,0.01815934333524863,0.154,0.1293,0.0299140100956057,-0.018480000000000003,-0.03140000000000001,-0.022699999999999998,0.402,0.007500000000000007,2,0,False
PLSEYVIRPFKME,['bfn:7373'],12,0.0691787913441658,0.054301656782627106,0.01268134663353444,0.16608,0.1361,0.03551520237869975,-0.0064,-0.01730000000000001,-0.015899999999999997,0.3932,-0.0013000000000000234,0,0,False
IVRDWERKIPCGG,['bfn:7373'],13,0.074797223508358,0.05894973874092102,0.014723285047224964,0.15682,0.1343,0.03529500814562875,-0.015659999999999997,-0.017699999999999994,-0.017199999999999993,0.5432,0.1487,1,0,False
FHRLMDTVMYTIR,['bfn:7373'],12,0.08030036985874175,0.06385233253240585,0.012766849284301374,0.1546,0.1324,0.03488420846170943,-0.017880000000000007,-0.019600000000000006,-0.0189,0.4045,0.010000000000000009,0,0,False
