construct_id,target_instance,component_id,role,h3_index_1based,native_aa,mutant_aa,h3_sequence,predicted_contact_probability
pdb_00006vry-H-L__WT,pdb_00006vry-H-L,SV3D045,wild_type,,,,AREYCIGSTCYPILDS,
pdb_00006vry-H-L__HOT1_C10A,pdb_00006vry-H-L,SV3D045,predicted_contact_disruption,10,C,A,AREYCIGSTAYPILDS,0.9999990463256836
pdb_00006vry-H-L__HOT2_S8A,pdb_00006vry-H-L,SV3D045,predicted_contact_disruption,8,S,A,AREYCIGATCYPILDS,0.9999938011169434
pdb_00006vry-H-L__LOW_A1G,pdb_00006vry-H-L,SV3D045,low_contact_mutation_control,1,A,G,GREYCIGSTCYPILDS,4.3961215851595625e-05
pdb_00009nkz-H-L__WT,pdb_00009nkz-H-L,SV3D027,wild_type,,,,ARVQLDYGPGYQYYGMDV,
pdb_00009nkz-H-L__HOT1_Q12A,pdb_00009nkz-H-L,SV3D027,predicted_contact_disruption,12,Q,A,ARVQLDYGPGYAYYGMDV,0.9999996423721313
pdb_00009nkz-H-L__HOT2_Y14A,pdb_00009nkz-H-L,SV3D027,predicted_contact_disruption,14,Y,A,ARVQLDYGPGYQYAGMDV,0.9999960660934448
pdb_00009nkz-H-L__LOW_V18A,pdb_00009nkz-H-L,SV3D027,low_contact_mutation_control,18,V,A,ARVQLDYGPGYQYYGMDA,5.687096927431412e-05
pdb_00008fdc-A-B__WT,pdb_00008fdc-A-B,SV3D061,wild_type,,,,ARDFFVSGSYNYFDP,
pdb_00008fdc-A-B__HOT1_S9A,pdb_00008fdc-A-B,SV3D061,predicted_contact_disruption,9,S,A,ARDFFVSGAYNYFDP,0.9999964237213135
pdb_00008fdc-A-B__HOT2_F5A,pdb_00008fdc-A-B,SV3D061,predicted_contact_disruption,5,F,A,ARDFAVSGSYNYFDP,0.9999785423278809
pdb_00008fdc-A-B__LOW_P15A,pdb_00008fdc-A-B,SV3D061,low_contact_mutation_control,15,P,A,ARDFFVSGSYNYFDA,4.8958714614855126e-05
pdb_00006x7w-A-C__WT,pdb_00006x7w-A-C,SV3D050,wild_type,,,,ARHGEGKYGSNFAY,
pdb_00006x7w-A-C__HOT1_S10A,pdb_00006x7w-A-C,SV3D050,predicted_contact_disruption,10,S,A,ARHGEGKYGANFAY,0.9999984502792358
pdb_00006x7w-A-C__HOT2_Y8A,pdb_00006x7w-A-C,SV3D050,predicted_contact_disruption,8,Y,A,ARHGEGKAGSNFAY,0.9999619722366333
pdb_00006x7w-A-C__LOW_A1G,pdb_00006x7w-A-C,SV3D050,low_contact_mutation_control,1,A,G,GRHGEGKYGSNFAY,5.797035919385962e-05
pdb_00002hrp-H-L__WT,pdb_00002hrp-H-L,SV3D006,wild_type,,,,ARSGGIERYDGTYYVMDY,
pdb_00002hrp-H-L__HOT1_G11A,pdb_00002hrp-H-L,SV3D006,predicted_contact_disruption,11,G,A,ARSGGIERYDATYYVMDY,0.9999984502792358
pdb_00002hrp-H-L__HOT2_T12A,pdb_00002hrp-H-L,SV3D006,predicted_contact_disruption,12,T,A,ARSGGIERYDGAYYVMDY,0.9999172687530518
pdb_00002hrp-H-L__LOW_Y18A,pdb_00002hrp-H-L,SV3D006,low_contact_mutation_control,18,Y,A,ARSGGIERYDGTYYVMDA,6.53205206617713e-05
pdb_00006x78-B-A__WT,pdb_00006x78-B-A,SV3D008,wild_type,,,,TRGGTTFVAEPWLAY,
pdb_00006x78-B-A__HOT1_E10A,pdb_00006x78-B-A,SV3D008,predicted_contact_disruption,10,E,A,TRGGTTFVAAPWLAY,0.9999886751174927
pdb_00006x78-B-A__HOT2_T6A,pdb_00006x78-B-A,SV3D008,predicted_contact_disruption,6,T,A,TRGGTAFVAEPWLAY,0.9996671676635742
pdb_00006x78-B-A__LOW_Y15A,pdb_00006x78-B-A,SV3D008,low_contact_mutation_control,15,Y,A,TRGGTTFVAEPWLAA,6.797430160077056e-06
pdb_00003h0t-B-A__WT,pdb_00003h0t-B-A,SV3D009,wild_type,,,,ARGIVFSYAMDV,
pdb_00003h0t-B-A__HOT1_F6A,pdb_00003h0t-B-A,SV3D009,predicted_contact_disruption,6,F,A,ARGIVASYAMDV,0.9999936819076538
pdb_00003h0t-B-A__HOT2_V5A,pdb_00003h0t-B-A,SV3D009,predicted_contact_disruption,5,V,A,ARGIAFSYAMDV,0.9999018907546997
pdb_00003h0t-B-A__LOW_R2A,pdb_00003h0t-B-A,SV3D009,low_contact_mutation_control,2,R,A,AAGIVFSYAMDV,0.0002807752462103963
pdb_00006o24-A-B__WT,pdb_00006o24-A-B,SV3D036,wild_type,,,,ARDAHYSDSSGYSSWGYFDY,
pdb_00006o24-A-B__HOT1_A4G,pdb_00006o24-A-B,SV3D036,predicted_contact_disruption,4,A,G,ARDGHYSDSSGYSSWGYFDY,0.9997280240058899
pdb_00006o24-A-B__HOT2_Y6A,pdb_00006o24-A-B,SV3D036,predicted_contact_disruption,6,Y,A,ARDAHASDSSGYSSWGYFDY,0.9993547797203064
pdb_00006o24-A-B__LOW_D19A,pdb_00006o24-A-B,SV3D036,low_contact_mutation_control,19,D,A,ARDAHYSDSSGYSSWGYFAY,0.0002678796590771526
pdb_00006h0e-A-B__WT,pdb_00006h0e-A-B,SV3D030,wild_type,,,,VRGHCDGTTCSRAY,
pdb_00006h0e-A-B__HOT1_D6A,pdb_00006h0e-A-B,SV3D030,predicted_contact_disruption,6,D,A,VRGHCAGTTCSRAY,0.9983770847320557
pdb_00006h0e-A-B__HOT2_T8A,pdb_00006h0e-A-B,SV3D030,predicted_contact_disruption,8,T,A,VRGHCDGATCSRAY,0.9933568835258484
pdb_00006h0e-A-B__LOW_Y14A,pdb_00006h0e-A-B,SV3D030,low_contact_mutation_control,14,Y,A,VRGHCDGTTCSRAA,9.760171906236792e-07
pdb_00007fgr-H-L__WT,pdb_00007fgr-H-L,SV3D007,wild_type,,,,ARSTYYSGALDY,
pdb_00007fgr-H-L__HOT1_Y5A,pdb_00007fgr-H-L,SV3D007,predicted_contact_disruption,5,Y,A,ARSTAYSGALDY,0.9934061765670776
pdb_00007fgr-H-L__HOT2_S7A,pdb_00007fgr-H-L,SV3D007,predicted_contact_disruption,7,S,A,ARSTYYAGALDY,0.9912164211273193
pdb_00007fgr-H-L__LOW_Y12A,pdb_00007fgr-H-L,SV3D007,low_contact_mutation_control,12,Y,A,ARSTYYSGALDA,2.2566541701962706e-06
pdb_00005owp-H1-H2__WT,pdb_00005owp-H1-H2,SV3D021,wild_type,,,,TGVGQFAY,
pdb_00005owp-H1-H2__HOT1_G4A,pdb_00005owp-H1-H2,SV3D021,predicted_contact_disruption,4,G,A,TGVAQFAY,0.9999517202377319
pdb_00005owp-H1-H2__HOT2_V3A,pdb_00005owp-H1-H2,SV3D021,predicted_contact_disruption,3,V,A,TGAGQFAY,0.9836254715919495
pdb_00005owp-H1-H2__LOW_F6A,pdb_00005owp-H1-H2,SV3D021,low_contact_mutation_control,6,F,A,TGVGQAAY,0.001400964567437768
pdb_00008fbw-A-B__WT,pdb_00008fbw-A-B,SV3D060,wild_type,,,,AKDATPYYYSGGYWYVGNYSFDY,
pdb_00008fbw-A-B__HOT1_N18A,pdb_00008fbw-A-B,SV3D060,predicted_contact_disruption,18,N,A,AKDATPYYYSGGYWYVGAYSFDY,0.996976375579834
pdb_00008fbw-A-B__HOT2_G17A,pdb_00008fbw-A-B,SV3D060,predicted_contact_disruption,17,G,A,AKDATPYYYSGGYWYVANYSFDY,0.9804670214653015
pdb_00008fbw-A-B__LOW_Y23A,pdb_00008fbw-A-B,SV3D060,low_contact_mutation_control,23,Y,A,AKDATPYYYSGGYWYVGNYSFDA,1.0613087397359777e-05
pdb_00006p8d-A-B__WT,pdb_00006p8d-A-B,SV3D039,wild_type,,,,ASGYVAFHY,
pdb_00006p8d-A-B__HOT1_V5A,pdb_00006p8d-A-B,SV3D039,predicted_contact_disruption,5,V,A,ASGYAAFHY,0.9893033504486084
pdb_00006p8d-A-B__HOT2_Y4A,pdb_00006p8d-A-B,SV3D039,predicted_contact_disruption,4,Y,A,ASGAVAFHY,0.9890390634536743
pdb_00006p8d-A-B__LOW_Y9A,pdb_00006p8d-A-B,SV3D039,low_contact_mutation_control,9,Y,A,ASGYVAFHA,0.0007180185057222843
pdb_00006pef-A-B__WT,pdb_00006pef-A-B,SV3D044,wild_type,,,,AGSPVRQREQDY,
pdb_00006pef-A-B__HOT1_R8A,pdb_00006pef-A-B,SV3D044,predicted_contact_disruption,8,R,A,AGSPVRQAEQDY,1.0
pdb_00006pef-A-B__HOT2_V5A,pdb_00006pef-A-B,SV3D044,predicted_contact_disruption,5,V,A,AGSPARQREQDY,0.9999938011169434
pdb_00006pef-A-B__LOW_Q7A,pdb_00006pef-A-B,SV3D044,low_contact_mutation_control,7,Q,A,AGSPVRAREQDY,0.01640661060810089
pdb_00005yy4-A1-A2__WT,pdb_00005yy4-A1-A2,SV3D026,wild_type,,,,ARDYYTNYGD,
pdb_00005yy4-A1-A2__HOT1_T6A,pdb_00005yy4-A1-A2,SV3D026,predicted_contact_disruption,6,T,A,ARDYYANYGD,0.9928109049797058
pdb_00005yy4-A1-A2__HOT2_D3A,pdb_00005yy4-A1-A2,SV3D026,predicted_contact_disruption,3,D,A,ARAYYTNYGD,0.8740408420562744
pdb_00005yy4-A1-A2__LOW_A1G,pdb_00005yy4-A1-A2,SV3D026,low_contact_mutation_control,1,A,G,GRDYYTNYGD,9.135336586041376e-05
pdb_00005vzy-H-L__WT,pdb_00005vzy-H-L,SV3D024,wild_type,,,,ASGDY,
pdb_00005vzy-H-L__HOT1_S2A,pdb_00005vzy-H-L,SV3D024,predicted_contact_disruption,2,S,A,AAGDY,0.9547813534736633
pdb_00005vzy-H-L__HOT2_D4A,pdb_00005vzy-H-L,SV3D024,predicted_contact_disruption,4,D,A,ASGAY,0.9168312549591064
pdb_00005vzy-H-L__LOW_A1G,pdb_00005vzy-H-L,SV3D024,low_contact_mutation_control,1,A,G,GSGDY,0.006631051190197468
